﻿{
    "$schema": "http://schema.management.azure.com/schemas/2015-01-01/deploymentParameters.json#",
    "contentVersion": "1.0.0.0",
  "parameters": {
    "azureStorageConnectionEndpointSuffix": {
      "value": "core.windows.net"
    },
    "hostingPlanName": {
      "value": "Free"
    },
    "CustomerPortalPackageFolder": {
      "value": "PartnerCenter.CustomerPortal"
    },
    "CustomerPortalPackageFileName": {
      "value": "package.zip"
    },
    "partnerCenterApplicationId": {
      "value": ""
    },
    "partnerCenterApplicationSecret": {
      "value": ""
    },
    "partnerCenterAadTenantId": {
      "value": ""
    },
    "webPortalClientId": {
      "value": ""
    },
    "webPortalClientSecret": {
      "value": ""
    },
    "webPortalAadTenantId": {
      "value": ""
    },
    "webSiteName": {
      "value": ""
    }
  }
}